<databaseChangeLog xmlns="http://www.liquibase.org/xml/ns/dbchangelog"
	xmlns:xsi="http://www.w3.org/2001/XMLSchema-instance" xmlns:ext="http://www.liquibase.org/xml/ns/dbchangelog-ext"
	xsi:schemaLocation="http://www.liquibase.org/xml/ns/dbchangelog http://www.liquibase.org/xml/ns/dbchangelog/dbchangelog-3.1.xsd
    http://www.liquibase.org/xml/ns/dbchangelog-ext http://www.liquibase.org/xml/ns/dbchangelog/dbchangelog-ext.xsd">

	<changeSet author="appuio" id="1-createTableHello">
		<createTable remarks="A String" tableName="hello">
			<column name="id" type="BIGINT" autoIncrement="true">
				<constraints primaryKey="true" nullable="false" />
			</column>
			<column name="name" type="varchar(255)">
				<constraints nullable="false" />
			</column>
			<column name="frontend" type="varchar(50)"/>
			<column name="created" type="TIMESTAMP"/>
		</createTable>
	</changeSet>

	<include file="db/changelog/initialdata/initialdata.xml" />

</databaseChangeLog>